id,Title,Content,Categories,Tags,YouTube Link,Session Date,Tags List,Video Link
44455,Mastering Compositionâ€”Simplicity,"In this livestream, I explore the theme of simplicity in composition, particularly in nature and landscape photography where chaos often prevails.



Simplify images in the field, using digital tools, and during editing.


Avoid overworking an image to maintain freshness and impact.


Use the LCU framework: lead the viewer, establish a center of interest, and create a harmonious image.



Achieving and Simplifying Composition


Simplicity is achieved through contrast and variation in tonal values, colors, and shapes.



Example: Landscape photograph from Nova Scotia simplified by identifying broad shapes and converting to black and white.


Focus on three main shapes to guide the viewer's eye and create depth.


Emphasize the importance of maintaining simplicity while adding interest through variation.



Key Techniques for Simplicity and Depth



Foreground Interest:Â Create repetitive patterns to keep the viewer engaged.


Minimize Distractions:Â Simplify the background to maintain focus on the primary subject.


Tonality and Contrast:Â Darker elements appear closer, lighter elements recede.


Dominant Shapes:Â Define the frame and create visual connections within the image.


Dodging and Burning:Â Use these techniques to emphasize foreground shapes and create depth.


Black and White Conversion:Â Simplify the mood and enhance composition.



Revisiting and Refining


Revisiting your work allows for a fresh perspective and continuous improvement.



Fresh Perspective:Â Regularly revisit your work to identify areas for improvement.


Build Confidence:Â The process of creating, editing, and refining your images builds confidence.


Shape Interaction:Â Focus on how shapes interact and harmonize within the composition.



Conclusion



Simplicity isn't about the number of shapes but their interaction and harmony.


Aim for simplicity to make your work unique and engaging.",Composition,composition,https://youtube.com/live/WqA52Ao9NQk,,['composition'],https://youtube.com/live/WqA52Ao9NQk
44461,CC #08â€”Elements of Visual Design,"Understanding Composition Principles


Applying composition principles is crucial in landscape photography. While knowing the concepts is helpful, putting them into practice is where the magic happens. When I first started, composition felt very mechanical. But with practice and study, it became second nature.



One core principle I always emphasize is ""LCU"" (leading the viewer into the picture). Itâ€™s all about creating a path for the viewer's eye and establishing a center of interest.


Unity and harmony within the frame are essential, though a bit of tension and dynamics can add to the overall composition.


Remember, these principles are not original; they are a blend of ideas from various artists and photographers.






The Building Blocks: Elements of Design


Visual design principles like variation, rhythm, contrast, and movement are the effects we aim to create in our images. The elements we use to achieve these effects are lines, shapes, tones, colors, and textures.



Think of tones as the lightness and darkness in your image; they add visual interest.


When composing, focus on these elements rather than just labeling objects.






The Power of Lines


Lines are incredibly powerful in guiding the viewer's eye and creating movement within your image.



Horizontal and vertical lines provide stability, while diagonal lines introduce tension.


Lines can also enhance texture and depth, like in tidal pool reflections or landscape scenes.


Remember, lines are not just straight; they can be curved and winding, creating a sense of rhythm and movement.






Playing with Tonal Variation


Tonal variation, which refers to the lightness and darkness of elements, plays a huge role in creating contrast and movement.



Highlights and shadows draw the viewer's eye and add depth and energy.


For example, in a scene from Moab, Utah, I used sunlight and shadows to create a compelling image.


Silhouettes are a fantastic way to simplify complex scenes and create mood and atmosphere.






Shaping Your Composition


Shapes are fundamental in visual design, creating movement and depth in your photographs.



Where you place shapes in the frame can affect how the viewer perceives distance.


Backlighting can enhance tone, especially in black-and-white photography.


Shapes help create variation, patterns, and visual weight, adding rhythm and interest to your composition.






The Emotional Impact of Color


Color is subjective but incredibly impactful. Understanding how different colors affect mood can transform your photography.



Complementary colors (opposite on the color wheel) create dynamic movement.


Analogous colors (next to each other on the color wheel) create harmony.


Examples: Red and green, yellow and blue combinations can make certain areas of your image pop.






Adding Texture


Texture adds weight and interest to your images, but it must be used wisely.



Too much texture can overwhelm the viewer, so balance is key.


Use texture to guide the viewer's eye and create a balanced composition.


Contrasting textures, like grasses against a smooth background, can create depth and visual hierarchy.",Composition,composition|visual design,https://youtube.com/live/nyzT51C04l8,,"['composition', 'visual design']",https://youtube.com/live/nyzT51C04l8
44462,CC #09â€”Principles of Visual Design,"The overarching goal of visual design in photography is to create unity and lead the viewer through the image, establishing a center of interest.



The ultimate aim is to evoke a feeling or emotion, allowing viewers to connect deeply with the image.


Gaining control over the viewerâ€™s gaze makes it easier to convey a message, tell a story, and evoke emotion.






Elements and Principles of Visual Design


Visual design consists of elements and principles that work together to create compelling images.



Elements like lines, shapes, tones, colors, and textures are the building blocks we capture in the field.


Principles such as contrast, movement, dominance, and pattern help arrange these elements to enhance the image.






Variation in Visual Design


Variation is key to creating movement and energy in an image, achieved through various elements.



Contrast, rhythm, dominance, movement, and pattern all contribute to variation.


Variation in shapes, sizes, distances, colors, and textures can make an image more engaging.


For example, a photograph of rocks can use variation in size, shape, and placement to create interest.


Post-processing tools like Lightroom can emphasize these principles through dodging and burning to create shadows and highlights.






Dominance in Visual Design


Dominance helps to simplify the message of the image by making certain elements stand out.



Dominance can be achieved through colors, shapes, and light.


Decide whether the sky or the land should be dominant to maintain a clear message.


Avoid cluttering the image with too many elements; simplicity is key.


Use shapes, size, and color to create dominance. For instance, trees placed from top to bottom of the frame can dominate a scene.


A wide-angle lens can enhance the size and perspective of foreground objects, creating dominance and distortion.


Color dominance can be achieved by using a single color with a small amount of contrasting color for interest.






Movement in Visual Design


Movement guides the viewerâ€™s eye through the image, creating a sense of depth and dynamism.



Diagonals are effective in creating movement through the image.


Perspective lines can pull the viewer into the frame.


The placement of the horizon also influences movement and visual weight.






Pattern and Rhythm in Visual Design


Pattern and rhythm work together to create movement and interest in an image.



Patterns of similar elements can create movement and interest, but should not be too uniform or too random.


Black and white conversion can simplify the image, emphasizing pattern and rhythm.


Variation within the pattern, such as different angles of trees, adds to the compositionâ€™s appeal.






Contrast in Visual Design


Contrast creates variation and interest in a composition.



Types of contrast include light and dark, cool and warm, smooth and rough, and active and passive areas.


Light and dark contrast, for example, can create depth and lead the viewerâ€™s eye through the composition.


Use contrast to balance the foreground and background, ensuring an engaging composition.


Diagonals can also lead the viewer through the picture, adding movement.






Personal Intuition and Enthusiasm


Your personal intuition and enthusiasm are vital in photography.



Focus on subjects that genuinely interest you.


There are no absolute rules in art; creativity should guide your work.


Learn from mistakes and view unsuccessful photographs as opportunities for growth.


Take your time with composition; rushing hinders learning and development.


Use visual design principles as guides, not strict rules, to enhance your understanding and intuition.






Key Takeaways



Focus on Shapes and Colors: Think of objects as shapes and colors rather than labeling them.


Establish a Focal Point: Create a mood or feeling that immerses the viewer.


Remove Unnecessary Elements: Simplify your composition to enhance the overall impact.",Composition,composition|visual design,https://youtube.com/live/7rA8_MZb7AI,,"['composition', 'visual design']",https://youtube.com/live/7rA8_MZb7AI
44465,CC #11â€”Composition Breakdown,"Building your visual literacy is paramount to improving your compositional skills and your ability to confidently assess your own work. 


In this live streams, I share my compositional analysis of several photographs by Charlie Waite, Eliot Porter, and Michael Kenna, and explain why they work. 


All images Copyright the respective photographers.",Composition,composition,https://youtube.com/live/4wS-rMyGgIc?feature=share,,['composition'],https://youtube.com/live/4wS-rMyGgIc?feature=share
44466,CC #03â€”Composition Breakdown,"Building your visual literacy is paramount to improving your compositional skills and your ability to confidently assess your own work.


In this livestream, I share a compositional analysis of a few of my recent images and my workflow in Lightroom Classic.",Composition,composition,https://youtube.com/live/HalOJoolems?feature=share,,['composition'],https://youtube.com/live/HalOJoolems?feature=share
44467,CC #04â€”Composition Breakdown,"In this livestream, I share and analyzed some images from other photographers that have influenced me, then breakdown a few more of my own recent images.",Composition,composition,https://youtube.com/live/c2Vf9En2cpk?feature=share,,['composition'],https://youtube.com/live/c2Vf9En2cpk?feature=share
44471,Creative Developing in Lightroom,,Lightroom,developing|Lightroom,https://youtube.com/live/qm53FY22S5s?feature=share,,"['developing', 'Lightroom']",https://youtube.com/live/qm53FY22S5s?feature=share
44473,Creative Developing in Lightroom Pt II,,Lightroom,developing|Lightroom,https://youtube.com/live/OJrqyh2Pgsw?feature=share,,"['developing', 'Lightroom']",https://youtube.com/live/OJrqyh2Pgsw?feature=share
44474,Lightroom Print Module: In-Depth,,Fine Art Printing|Lightroom,Lightroom|printing,https://youtube.com/live/tZTe22CS_3s?feature=share,,"['Lightroom', 'printing']",https://youtube.com/live/tZTe22CS_3s?feature=share
44475,Lightroom Print Moduleâ€”Workflow,,Fine Art Printing|Lightroom,Lightroom|printing|workflow,https://youtube.com/live/YCEvVLI2fAk?feature=share,,"['Lightroom', 'printing', 'workflow']",https://youtube.com/live/YCEvVLI2fAk?feature=share
44476,Mastering Compositionâ€”Learning From The Masters,"In this session, I delve into the core concepts of photographic composition: Simplicity, Edge Control, Light, Variations, and Rhythm. Additionally, I explore a bonus concept: Subtlety and Suggestion, emphasizing the importance of leaving room for interpretation and engaging the viewer.


Compositional Concepts



Simplicity:

""Less is more"" â€“ removing distracting elements.


Example: An image by Galen Rowell illustrating simplicity.


Using simple shapes and negative space to create dynamic compositions.


Balance and visual weight guide the viewer's eye through the image.


In one of my images, I use a simple S-shape to guide the viewerâ€™s eye, balancing visual weight to create a sense of movement.




Edge Control:

Being intentional about where you place the edges of your frame to redefine shapes.


Example: Fay Godwin's image using frame edges for triangular shapes and cloud patterns.


Foreground importance allows the viewer's eye to move through the composition.


In my own work, I carefully use the edges to guide the viewerâ€™s eye through the composition.




Light:

Light creates shadows, highlights, shapes, and color, contributing to energy and movement.


Favoring side lighting and backlighting over front lighting.


Example: David Muench's use of light and shadows for depth and movement.


In my photography, I apply principles of light and shadow to create a sense of energy and movement.




Variations:

Contrasting elements in color, texture, and detail to create dynamic images.


Example: Ivan Shishkin and David Wench's paintings showing light and shadow contrasts.


Utilizing foreground, middle ground, and background to create depth.


In my work, I use long exposure to create variation between rocks and water.




Rhythm:

Movement and rhythm are related to patterns, shapes, and curves.


Repeating elements and groups of threes create visually appealing compositions.


Example: Thomas Hill's repetition of elements to guide the viewer's eye.


I use curves and circular patterns to create a smooth flow through the image.





Mastery


Studying the work of masters in photography and painting is crucial for learning about composition. By analyzing elements such as light, drama, subtlety, suggestion, and framing, you can develop your visual literacy and incorporate these principles into your work. Observing and studying great works provides inspiration and helps you refine your own style, ensuring that your compositions are both unique and compelling.


All images Copyright Respective Artists",Composition,composition,https://youtube.com/live/awHsGhxt0MQ?feature=share,,['composition'],https://youtube.com/live/awHsGhxt0MQ?feature=share
44479,Mastering Lightroomâ€”Local Adjustments,In this session I go in-depth with all of the local adjustments in Lightroom Classic version 13.,Lightroom,Lightroom|local adjustments,https://youtube.com/live/k38B8eHLE44?feature=share,,"['Lightroom', 'local adjustments']",https://youtube.com/live/k38B8eHLE44?feature=share
44480,Mastering Lightroomâ€”Local Adjustments Pt II,This is Pt II of my session where we go in-depth with all of the local adjustments in Lightroom Classic version 13.,Lightroom,,https://youtube.com/live/Az9ekWWpmOA?feature=share,,[],https://youtube.com/live/Az9ekWWpmOA?feature=share
44481,Mastering Lightroomâ€”Local Adjustments Pt III,Part III of our deep dive into the Local Adjustments in Lightroom Classic version 13.,Lightroom,Lightroom|local adjustments,https://youtube.com/live/VPlU5GsaRDc?feature=share,,"['Lightroom', 'local adjustments']",https://youtube.com/live/VPlU5GsaRDc?feature=share
44482,Favorite Lightroom Workflow Tips & Strategies,"In this livestream, I delve into my favorite Lightroom workflow tips and strategies, focusing on image management, importing, cataloging, keywording, and other aspects to enhance efficiency in Lightroom. The primary goal is to let Lightroom handle the heavy lifting, allowing us to concentrate on creating and editing.


Lightroom Catalog and Previews


I store raw files on an external hard drive and manage them using a Lightroom catalog. The catalog consists of two key files: the catalog file, which references images, and the previews file, which generates high-quality previews of raw files. This setup allows for efficient image management and viewing.


Importing Images


When importing images, I recommend:



Setting ""Build Previews"" to ""1 to 1"" for full-size previews.


Enabling ""Build Smart Previews"" for older or slower computers.


Checking ""Don't Import Suspected Duplicates"" to avoid redundancy.


Adding custom text and relevant keywords during import.


Applying develop settings and copyright metadata to streamline workflow.



Organizing Images


All raw files are organized on an external hard drive by year and month. I prefer using metadata over folders for organizing images within Lightroom. Setting the preview size to match the screen size and ensuring high preview quality provides accurate image representation.


Using Lightroom Effectively


Customizing Lightroomâ€™s view options and learning keyboard shortcuts can significantly enhance workflow efficiency.



Adjust grid size, thumbnail badges, and displayed information for streamlined review and editing.


Familiarize yourself with shortcuts for frequently used commands to save time and improve productivity.



Rating and Labeling Images


Using a number rating system and color labels helps categorize images effectively.



Use 2 to indicate standout images and 4 for well-edited images ready to share.


Color labels, such as red for portfolio images and green for panoramas, provide a granular way to organize and prioritize images.



Keywording and Filtering Images


Applying keywords to images is crucial for better organization and searchability.



Add keywords individually or to multiple images simultaneously.


Use keyword suggestions based on previous entries.


Enhance filtering ability with keywords for specific criteria like dates, camera models, and lenses.



Using Collections


Collections are a powerful tool for organizing images without moving files.



Use quick collections for easy grouping of images, converting them to regular collections for more permanent organization.


Smart Collections offer flexibility, especially useful for managing large numbers of images.



Backup and Storage


I store most images locally, with recent iPhone images in the cloud. Backing up all images on a local drive, a NAS drive, and a separate cloud service ensures extra security. When traveling, I use a portable drive to create a Lightroom catalog, importing images into the main catalog upon returning home to maintain organization and continuity.",Lightroom,Lightroom|workflow,https://youtube.com/live/C_F4zmba_Xg,,"['Lightroom', 'workflow']",https://youtube.com/live/C_F4zmba_Xg
44483,Favorite Lightroom Workflow Tips & Strategies Pt II,"In this video, I continue sharing my favorite Lightroom workflow tips and strategies, focusing on renaming images, Smart Collections, syncing settings, snapshots, virtual copies, exporting images, and more to optimize efficiency and organization.


Renaming Images During Import


Renaming images during import is essential for organization. I recommend using the ""File Renaming"" feature in the import dialogue to add relevant information like location or subject. This helps avoid duplication and makes searching easier. You can also rename files after importing, using custom text and date formats to maintain consistency across different cameras and SD cards.


Smart Collections


Smart Collections are dynamic and filter images based on specific criteria such as metadata, keywords, and file names. For instance, I created a Smart Collection called ""Trees"" to include all images with the keyword ""trees."" Keywording images upfront is crucial to leverage Smart Collections effectively. Built-in Smart Collections like ""Four Star Images"" and ""Past Month"" are useful, and you can customize their rules to fit your needs.


Syncing Settings


The ""Sync Settings"" feature allows you to copy specific Develop settings from one image to others. You can selectively sync adjustments by checking or unchecking boxes in the Sync Settings window. This feature saves time and ensures consistency across multiple images, especially when making similar adjustments like removing dust spots or applying color corrections.


Snapshots and Virtual Copies


Snapshots let you save different versions of an image at various editing stages, making it easy to switch between edits. Virtual copies create independent copies of an image with all current settings applied, allowing for multiple versions with unique edits. This is particularly useful for creating black and white versions alongside color counterparts without duplicating files.


Exporting Images


Lightroom's export presets define specific settings for exporting images, ensuring consistency. When exporting, you can rename files, choose file formats (JPEG, PNG, DNG), and adjust quality settings. For web use, always set the color space to sRGB. Presets streamline the export process for different platforms like Instagram, blogs, and websites.


Exporting Slideshows


Lightroomâ€™s slideshow feature can be exported as a PDF or video, offering a professional way to present images. Customization options include adding strokes, shadows, text overlays, and intro screens. Exporting slideshows as PDFs provides a polished format for sharing images.


Syncing Images to the Cloud


Syncing images from a mobile device uses Creative Cloud storage, while syncing images already in your Classic catalog does not. This is because Lightroom creates a smart preview in the cloud, allowing for unlimited syncing without consuming storage. This feature enables access to your images and develop settings on mobile devices without using storage space.


Converting Raw Files


Converting raw files to DNG is not necessary unless sharing adjustments is required. Proprietary raw files are generally safe, but DNG can embed adjustments for easier sharing.


Sharing Collections


Syncing Lightroom collections to the cloud allows sharing with others, with options to download high-resolution JPEGs. The ""Don't Enlarge"" option in the export dialogue prevents upscaling images beyond their original size.",Lightroom,Lightroom|workflow,https://youtube.com/live/nU5MJnMYQQM,,"['Lightroom', 'workflow']",https://youtube.com/live/nU5MJnMYQQM
44484,CC #01â€”Lightroom Developing Workflow,,Lightroom,Lightroom|workflow,https://youtube.com/live/7yUdBJrs90A,,"['Lightroom', 'workflow']",https://youtube.com/live/7yUdBJrs90A
44485,CC #02â€”Black & White Workflow in Lightroom,,Lightroom,black&white|Lightroom|workf,https://youtube.com/live/oeIHWpQfX4k,,"['black&white', 'Lightroom', 'workf']",https://youtube.com/live/oeIHWpQfX4k
44487,CC #05â€”Printing Q+A Pt I,,Fine Art Printing,Q+A,https://youtube.com/live/ZYjWodj_49c,,['Q+A'],https://youtube.com/live/ZYjWodj_49c
44917,Academy LS 01: Academy Intro & Lightroom Workflow,"

https://youtu.be/Ol5lOWE2AUs



In this first Academy Livestream, I give a short tour of the Academy site and share some of the plans for the future. I then discuss my thought process and workflow in interpreting two images in Lightroom Classic including compositional and editing insights. 


Below are the two images discussed in the livestream.


I made the image slightly warmer than what was shown in the livestream. 


I added a slight vignette in the effects panel of LR for added depth. 


Please share your questions, comments, or feedback below!



",Lightroom,Lightroom,,,['Lightroom'],
45002,LS 02: Mastering Composition: The Frame,"Summary


The Importance of the Frame: The frame is a crucial tool in photographic composition as it defines the boundaries of the image. It determines what is included or excluded, which directly impacts the relationships between the elements within the composition.


Horizon Line and Visual Relationships: The placement of the horizon line can change the entire dynamic of the photograph. Raising or lowering it adjusts the emphasis between the sky and the foreground, guiding the viewer's focus and simplifying the composition.


Active vs. Passive Areas: Corners of the frame are considered ""active"" areas that naturally draw the eye and create tension. In contrast, the edges, particularly the middle, are ""passive"" zones, offering calm and balance.


Simplifying Through Exclusion: Simplifying the image often involves removing unnecessary elements from the frame. This enhances the focus on the subject and ensures clarity in the visual storytelling.


Managing Tension and Release: Elements placed near or cut off by the edges of the frame create visual tension. Effective composition can use this tension to draw the viewer's eye and then release it, leading to a more energetic and dynamic image.


Choosing the Right Format: Different formats, such as vertical, horizontal, panoramic, or square, can greatly affect the composition. Selecting the appropriate format helps convey the subject and story in the most compelling way.


Download a PDF of my slides below.


CP Academy_Mastering Composition-The FrameDownload",Composition,composition,https://youtube.com/live/isIsF0VREpY,,['composition'],https://youtube.com/live/isIsF0VREpY
45048,LS 03: Creative Critique Live,"Thanks to everyone who submitted an image and for sharing your work with me and the rest of the members! (Also remember that even if you can't attend a livestream live, you can still submit an image and watch the replay.) 


I use the principles of LCU to guide my feedback and the editing decisions I make for your image. The idea isn't to dictate what you should do, but rather to give you a better foundation for how to strengthen your images and why. 



Read more about LCU framework. (FYI: Can also be found in the Content Library section of the Academy.)



Feel free to share your comments and feedback below!",Creative Feedback,,https://youtube.com/live/iepktO8QuRQ,,[],https://youtube.com/live/iepktO8QuRQ
45062,Open Studioâ€”Q+A #01,"

https://youtu.be/4L-AWS6aVOQ



Monday Oct 14, 2024


Thanks to everyone who attended and also sent in questions via email. It was great to chat and learn from each other. 


We discussed: 



HDD drives vs SSD drives and backup strategies 


Basics of using the Adobe cloud to sync images between Lightroom Classic and mobile devices (more to come in a future livestream!)


Differences between cameras taking the same photo and using Denoise


Warm/cool color contrasts and when to use or not use


Depth of field and hyperfocal distance. NOTE: This is a complex topic to explain without visuals and examples images, so I did my best to provide a summary. However, I know it was inadequate, so I am planning a future livestream to discuss and thoroughly explain this important aspect of camera craft. 



Resources



PhotoPills App (my favorite photography app which includes a depth of field calculator)- iPhone / Android


Backblaze - online backup


OWC - great source of high quality external hard drives for Mac and PC 



Hope to see more of you in the next session!
",Open Studio-Q+A,,,,[],
45066,LS 04 - Mastering Composition: Dominance & Simplicity,"Summary


In this livestream, I dive into two key concepts that are essential for mastering composition in photography: dominance and simplicity. My focus is to help you establish a clear story in your images by emphasizing what's most important and using simplicity to make that story shine.


Dominance: Every image should have a clear focus or subject that stands out. Itâ€™s about identifying the main story or emotion you want to convey before you even take the shot.


Simplicity: Less is more. By removing distractions and unnecessary elements, you make your image stronger and more focused.


Horizon Lines: Where you place the horizon changes the emphasis of your photo. A higher horizon makes the foreground more dominant, while a lower one emphasizes the sky.


Visual Weight: Different elements in a photo carry different ""weights."" Balancing these elements ensures the viewer knows whatâ€™s most important.


Exclusion: Simplify your image by excluding things that donâ€™t add to the story. This makes the dominant elements even more impactful. Exclusion is the most effective way to simply an image.


Contrast: Use contrasts (light vs. dark, warm vs. cool colors) to highlight the dominant features and make them stand out.


Finally, remember that this is about storytelling. Composition is your tool to create images that resonate with your audience, and when you get the balance of dominance and simplicity right, your story becomes clear, powerful, and impactful.


Share your feedback and questions below!",Composition,composition,https://www.youtube.com/live/wkDFyWaca8I,,['composition'],https://www.youtube.com/live/wkDFyWaca8I
45081,LS 05: Creative Critiqueâ€”Live,"Summary


In this session I critique six images from Academy members - thanks all who submitted their images. IF you haven't yet submitted any images for the critiques, I encourage you to share one for the next critique session coming up in November ðŸ™‚.


*Bonus Video


Watch this short follow up video to see how I solved the issue with the Generative AI Tool not working as expected!



https://www.youtube.com/watch?v=HmoQdg4m7sQ



Please leave your comments, questions, and feedback below!",Creative Feedback,,https://www.youtube.com/live/FcI_sHOmx5Y,,[],https://www.youtube.com/live/FcI_sHOmx5Y
45087,LS 06: The iPhone As A Serious Camera,"Summary


I explain my approach to using an iPhone as a ""complement"" to existing camera gear and highlight nine reasons why you should consider using an iPhone to learn and grow as a photographer and visual story-teller. 


I then get into the technical details including:



Available compressed and RAW file formats.


How to configure your iPone settings for maximum image quality.


How to enable quick capture with the ""Action Button"" and lock screen widgets.


How to navigate and use the default iOS camera app, including manual camera controls.


How to use the Lightroom Mobile app for capturing ""unprocessed"" RAW files.


Using the Spectre app for long exposures.



Our next livestream next week will continue where we left off, including other third-party apps like ProCamera, as well as syncing images between your iPhone and Lightroom Classic, and various tips and strategies to minimize cloud storage and improve your mobile workflow!


Resources



Spectre App


ProCamera


Fjroden Camera Grip



Practice with your iPhone because I'll be asking you to share your iPhone images soon! ðŸ™‚


Please leave your questions, comments, and feedback below!",Tools,iphone,https://www.youtube.com/live/ymsxiCQvGVk?si=T8IONuT9qlG4jSTT,,['iphone'],https://www.youtube.com/live/ymsxiCQvGVk?si=T8IONuT9qlG4jSTT
45126,LS 07: Lightroom Mobile Workflow,"Summary


In this livestream I provide an overview of the Adobe Cloud ecosystem (that every Adobe subscriber has) and how to use it together with Lightroom Classic and your mobile devices (iOS or Android.) 


Topics include: 



Anatomy of RAW files and Smart Previews


Accessing the Adobe Cloud with Lightroom mobile and desktop apps


Syncing Lightroom Classic 


Using the Adobe Cloud to store unlimited images without using up your storage allocation!


My Mobile workflow to accomplish the above. 


A quick look at ProCamera for the iPhone



Resources





Adobe Cloud Ecosystem





Workflow to avoid cloud storage





Please share your questions, comments, or feedback below!",Lightroom,iphone|Lightroom|Mobile,https://youtube.com/live/FCZiYFCeCgg,,"['iphone', 'Lightroom', 'Mobile']",https://youtube.com/live/FCZiYFCeCgg
45186,Open Studio: Q+A #02,"

https://youtu.be/-EyS5Afrmyo



Nov 18th, 2024


Topics discussed: 



Lightroom cloud storage 


How to stay creatively motivated in the winter


Different strategies for working on projects


Future vision for the Academy



Thanks to everyone who attended! 
",Open Studio-Q+A,,,,[],
45190,LS 08: Creative Critiqueâ€”Live,"Summary


In this session I critique seven images from Academy members - thanks to everyone for sharing. . IF you haven't yet submitted any images for the critiques, I encourage you to share one for the next critique session coming up in December ðŸ™‚.


Share your questions and feedback below!",Creative Feedback,,https://www.youtube.com/live/D6vgwkZX86k,,[],https://www.youtube.com/live/D6vgwkZX86k
45261,LS 09: Lightroom Essentialsâ€”Tonal Value,"Summary


In this livestream, I delve into the fundamentals of tonal value in photography, focusing on how to create impactful edits in Lightroom based. Key concepts we covered include:


â€¢ What is Tonal Value?Â A detailed look at tonal value as the amount of light in an image and its critical role in setting mood, depth, and dimensionality. 


â€¢ Practical Examples of Contrast:Â How high contrast creates drama and focus, while low contrast softens the image and sets a quieter tone.


â€¢ Lightroom Tools for Tonal Adjustments:Â A hands-on guide to using the Basic Panel (Exposure, Highlights, Shadows, Whites, Blacks), Tone Curve, and Dehaze to control tonal values.


â€¢ Balancing Tonal Value with Color:Â Exploring the interaction between tonal adjustments and color saturation.


â€¢ Developing a Thoughtful Workflow:Â The importance of planning tonal hierarchy to lead the viewerâ€™s eye and achieve your creative vision.


Finally, I emphasize the importance of having an editing â€˜planâ€™ based on your personal vision for your image. This approach is fundamental to your growth as a photographer, as it allows you to edit with purpose and clarity. Building this skill doesn't happen overnightâ€”it takes time and patience, and thatâ€™s exactly what the Academy is here to support. ðŸ™‚


Here's the final image I edited for reference.





Please share your feedback and questions below!",Lightroom,,https://youtube.com/live/YAa0MlgA3zM,,[],https://youtube.com/live/YAa0MlgA3zM
45359,LS 10: Lightroom Essentials-Tonal Value Pt II,"



Summary


In this livestream, I continue my discussion of the various tools in Lightroom that we can use to adjust tonal values including:



A clarification on the order of adjustments in the basic panel with respect to the ""Whites"" and Blacks"" sliders and how to decide the best time to use them.


The Tone Curve panel and using the Parametric mode vs the Point curve mode. 


Adjusting Luminance (tone) in the Color Mixer


Adjusting Luminance (tone) in Point Color 


Using the Range Mask to adjust luminosity (tone)



I finish with an example image where I show how to use the various tools above to edit a difficult ""out of balance"" image. 


Questions or feedback? Please leave them below! thanks
",Lightroom,,,,[],
45420,LS 11: Creative Critiqueâ€”Live,"



Summary


Thanks to all members who submitted images, went a little long in this one, but wanted to give everyone the same time for feedback.


Leave your questions and feedback below!
",Creative Feedback,,,,[],
45532,LS 12: Lightroom Essentialsâ€”Color,"



Summary


In this session we looked at the various ways to adjust color in Lightroom and some examples of how to use color to create more depth as well as influence the mood and feel of an image. We covered: 



Using camera profiles to artistically interpret the colors from your raw file.


Temperature and Tint


Vibrance and Saturation


Color Mixer


Point Color


Color Grading



Feel free to share your questions, comments, and feedback below! 
",Lightroom,,,,[],
45544,LS 13: Lightroom Essentialsâ€”Color Pt II,"



Summary


In this session I use various images to demonstrate how to adjust colors using the local masks including: 



Color Range mask


Local Point Color


Modifying masks


Subtle adjustments to color for better visual design



Please leave your feedback and comments below!
",Composition,,,,[],
45546,LS 14: Creative Critiqueâ€”Live,"



Summary


Another great critique sessionâ€”thanks to everyone who submitted images, and if I didn't use your image,  you'll be at the top of the list for our next session! 


NOTES: 


I use the LCU framework to critique images (as well as my own images) and a PDF guide is included in the Academy library (Content Library in the dashboard.) You can download it directly here: 



Questions, feedback, or comments? Leave them below! thanks



",Creative Feedback,,,,[],
45630,LS 16: Mastering Compositionâ€”Light & Shadow,"



Summary


In our session, we explored the essential role of light in photographyâ€”how it shapes mood, enhances color, and adds depth to an image. I shared techniques for working with different qualities of light, like backlighting and shadows, and how understanding light helps create stronger compositions. We also talked about the importance of observing and practicing to refine your ability to see and use light effectively.


Takeaways



Pay close attention to light in everyday scenesâ€”how it changes, interacts with subjects, and affects mood.


Experiment with different lighting conditions, including temperature, direction, and quality, in your own photography.


Be intentional in connecting what you saw and felt in the field with your editing process in Lightroom.


I may plan future sessions that dive deeper into specific aspects of light.


For the next critique session, focus on how you used light in your images.



Questions or feedback, please share below! I always enjoy hearing from you.
",Composition,,,,[],
45677,Print Lab #01,"

",Print Lab,,,,[],
45689,Open Studioâ€”Q+A Jan 2025,"



Key Questions Discussed 



Does extensive editing in Lightroom Classic affect the quality of the resulting print?We covered the impact of over-processing, artifacts, banding, and strategies for ensuring high-quality prints, including monitor calibration and soft-proofing.


What is the Circle of Confusion, and how does it relate to depth of field?Explanation of how light interacts with the lens, the effects of aperture size, and how diffraction influences sharpness.


How does cropping affect image resolution and print quality?Discussion on how large cropping reduces resolution, and how Lightroomâ€™sÂ Super ResolutionÂ feature can help maintain quality for prints.


What are the best media settings for printing on Canson paper using a Canon Pro-1000?Guidance on selecting the correct media type to ensure the best print results and proper ink usage.


Should you use zoom or prime lenses when planning to print large?A discussion on lens choice, sharpness considerations, and the importance of proper image capture over specific lens types.


What are the benefits of Lightroomâ€™s Enhance feature, including Super Resolution and Raw Details?A walkthrough of how these tools work to improve image quality, when to use them, and their impact on printing and detail retention.


How do you deal with inconsistent print quality when using a commercial printing service?Discussion on why prints from labs can vary, including differences in printer calibration, paper choices, and ICC profiles.Recommendations includedÂ soft-proofing, requesting test prints, and communicating directly with the labÂ to ensure consistency.



Thanks to everyone for all the great questions and discussion! 
",Open Studio-Q+A,,,,[],
45721,LS 15: Learning From the Masters,"



Summary


In this live session we looked at the work of some great master photographers to improve our visual literacy. Photographers included: 



Eric Meola


Elliot Porter


Laura Gilpin


George Tice


Jay Maisel


Sebastian Salgado: Explored his long-term projects, use of curves, and grand storytelling.


Huntington Witherill


Bernice Abbott



*NOTE: Images used for educational analysis only under fair use principles. Copyright belongs to the respective photographers.


Key Takeaways:



Exposure to great photographs enhances understanding of composition and storytelling.


Simplicity, negative space, and effective use of the frame is demonstrated in these images


Learn from other art forms to broaden your visual awareness. 



BONUS: PDF Supplement


This supplement has some detailed annotations on some of the images shown as well as some exercises. 

",Composition,,,,[],
45830,LS 17: Creative Feedback-Live,"



Summary


Another great feedback sessionâ€”thanks to everyone who submitted images, and if you didn't submit an image, I hope you'll share an image for our next session! 


Deliberate practice together with feedback is the most effective way to improve and grow your story-telling skills!


Questions, comments, or feedback? Please share it below.
",Creative Feedback,,,,[],
45914,Print Lab #02,"



Key Topics Covered:



Paper Selection ApproachWe covered two ways to approach paper selectionâ€”paper-centric vs. image-centric. I prefer the image-centric approach, where the paper is chosen based on the feel and message of the image. Itâ€™s all about finding the right match for the mood you want to create.


Dmax and Paper TypesDmax is basically a measure of much the black a paper can reproduce. Matte papers have a lower Dmax and work well for softer, more subtle images, while non-matte papers (like Baryta) have a higher Dmax, giving you deeper blacks and more contrast.


Matching Paper to Aesthetic GoalsChoose paper based on the mood and story you want to tell. This can be challenging because it depends on how clear and effective you are about what you are trying to say with an image, and how effective your composition is. But it's the most rewarding part of photography and printing and the focus of the academy. 



Please leave your questions, feedback, and comments below! 
",Print Lab,,,,[],
45915,LS 18: Lightroom Creative Workflow,"




Summary


In this session I share my editing workflow for two images, including my ""composition-first"" approach to editing which for these images centered around the dramatic light in the images. I covered sharpening tools and masking to selectively sharpen details, adding depth and dimension, especially for prints.


There were some great questions including why I rarely show my sharpening process in Lightroom. The simple answer is that I think of sharpening as less of a creative adjustment and more of a technical adjustment, so I tend to skip over them when thinking about the bigger picture of telling a story. However, sharpening is definitely important, so I will make an effort to share that regularly in the future! 


Please share your questions, comments and feedback below!
",Lightroom,,,,[],
45940,LS 19: Lightroom Creative Workflow,"




Summary


In this live session I focused primarily on compositional analysis and editing techniques. I walked through my thought process around developing an ""editing plan"" which lets you become more intentional in your editing decisions and choice of tools in Lightroom. Having a sense of the ""story"" for your image informs everything you do and makes editing more fun in general. 





Please share your questions and feedback below!
",Lightroom,,,,[],
45941,LS 20: Creative Feedbackâ€”Live,"





",Creative Feedback,,,,[],
45964,LS 18: Lightroom Creative Workflow-Excerpt,"

https://youtu.be/wwdrOy0fPPY

",Excerpts,,,,[],
45966,Print Lab #02â€”Excerpt,"

https://youtu.be/HrEEzLrZrrI

",Excerpts,,,,[],
46013,Print Lab #03,"


",Print Lab,,,,[],
46028,LS 21: Mastering Compositionâ€”Pattern & Rhythm,"




Academy Session Recap:Â 


Mastering Composition â€“ Patterns & Rhythm


Hey everyone! Hereâ€™s a quick recap of our session on using patterns and rhythm to strengthen your compositions:



Patterns are any repeating element in your composition with


Rhythm is how patterns repeat - regular or irregular, smooth vs punctuated - suggests a ""tempo.""


We explored how patterns create structure, unity, and movementâ€”guiding the viewerâ€™s eye much like rhythm guides a listener in music.


We talked about visual tempo, using repetition and disruption to create a sense of direction and energy in an image.


I showed how I refined a composition of grass reflections, using pattern to simplify and clarify the visual message.


We discussed how the world is full of patterns, and how spotting themâ€”subtle or obviousâ€”can help you create more compelling, story-driven images.


Finally, I encouraged everyone to shoot with curiosity and trust your creative instinctsâ€”donâ€™t get stuck editing in the field.



This is a deep and powerful aspect of composition, so where will be many more conversations about patterns and rhythm in future sessions!


Share your questions and feedback below!
",Composition,,,,[],
46032,LS 22: Creative Workflowâ€”Patterns & Rhythm,"




Summary


In this session, I continued our deep dive into the creative use of pattern and rhythmâ€”this time from a post-processing perspective. I demonstrated how I approach editing images in Lightroom where patterns play a central role, and how subtle adjustments in tone, contrast, and color can help clarify or enhance the rhythm of an image. We looked at both explicit patterns (like repeating structures or foliage) and discovered patterns that emerge through intentional framing and composition.


We also had a meaningful conversation at the end about what makes an element distracting in a photographâ€”and how that often depends on context and intention. I emphasized that not every visual element is inherently good or bad; it's about whether it supports or detracts from the flow and message of the image.


One thing I forgot to mention during the sessionâ€”but want to offer hereâ€”is the use of my LCU framework as a practical tool for evaluating your images, especially when youâ€™re unsure.Ask yourself:



Lead the viewer â€“ Does the composition guide the eye with intention?


Center of interest â€“ Is there a clear visual anchor or focal point?


Unity and harmony â€“ Do all the elements feel cohesive, or is something pulling the viewer away?



This can bring helpful clarity when you're not sure whether something strengthens or weakens the image. It's a reliable way to check your compositional decisions against your creative intent.


Thanks to everyone who showed up and contributed thoughtful questionsâ€”itâ€™s these kinds of discussions that make the Academy such a valuable place to learn and grow creatively.
",Lightroom,,,,[],
46034,LS 23: Creative Feedback-Live,"




Summary


Thanks to everyone who joined and submitted images for this session! We reviewed 12 images and covered a range of topicsâ€”from using tonal contrast to guide the eye, to when it makes sense to protect highlights over shadows, to finding just the right balance between mood and clarity in editing.


We also talked about:



Creating depth through tonal variation


Unifying color and light in night images


Using composition to simplify and strengthen your message



As always, the LCU framework (Lead, Center, Unity) helped guide our discussions and shape the feedback. It was a great mix of styles, questions, and thoughtful interaction. Looking forward to seeing what you share next time!



",Creative Feedback,,,,[],
46040,Open Studioâ€”Q+A April 2025,"

Watch Here



Summary


Another insightful Q+A session where we discussed:



Using brushes and masks in Lightroom and adjusting with the ""Amount"" slider, plus naming your masks for editing efficiency


Paper talk: Canson Rag Photographique vs Arches 88, the differences and why I recommend Arches 88 all the time.


Installing ICC profiles on Mac OS and Lightroom


Shooting expansive scenes, focus points, and depth of field settings


Balancing simplicity vs. complexity: narrow your field, use motifs/patterns, guide the eye through compositionâ€”just as in musical phrasing.



Thanks for all the great questions!
",Open Studio-Q+A,,,,[],
46097,Print Lab #04,"




ðŸ–¨ï¸ What We Covered:


Canon PRO-1100 Overview


A brief comparison between the PRO-1000 and the newer PRO-1100, with real print examples showing the subtle yet important differences in black density and paper handling. You can read my full review of the Pro-1100 here: 


Resolution Workflow in Lightroom


Why and when to:



Set output resolution manually (300 for Canon, 360 for Epson)


Double the printerâ€™s native resolution (to 600/720) to avoid discarding detail


Let Lightroom handle interpolation rather than the printer driver



Super Resolution in Lightroom


How to use Lightroomâ€™s Enhance > Super Resolution to upscale lower-resolution files when native resolution drops below 180 PPI for your print size.


Color Spaces and Gamut Explained


We used ColorThink Pro to visualize:



LAB and CIE color space structure


ProPhoto RGB vs. sRGB vs. specific paper profiles


How and why colors are compressed from your image to paper



Soft-Proofing Rendering Intents: Perceptual vs. Relative


We examined how Lightroom compresses out-of-gamut colors and when to choose each intent:



Perceptual tends to preserve overall tone relationships


Relative can retain accuracy but sometimes loses depth or contrast



How to soft proof effectively in Lightroom using side-by-side comparison:



Create a virtual copy for each paper


Use clarity selectively for matte papers



Installing Custom Media Types on Canon Printers


We walked through how to:



Enable easy and accurate paper selection when printing from Lightroom


Download and install AM1X files from Canson Infinity


Use Canonâ€™s Media Configuration Tool to add papers directly into the printer driver



Resources






PS - Evaluation Image Discrepancy


During the live session I showed some test prints on my viewing station comparing the two printers where you could see a big difference in colors between the two prints. Here's an image that is much truer to what they actually look like. I think the discrepancy was caused by some light that was bouncing around my studio and affecting the video camera rendering. I'm working on a solution for the future. 



",Print Lab,,,,[],
46115,LS 24: Mastering Compositionâ€”Movement & Variation,"




Summary


In this session, we explored how variation and movement give a photograph its energy, flow, and emotional impact. Through a close look at classic images by master photographersâ€”from Bresson and Weston to Cunningham and Adamsâ€”we examined how elements like line, tone, pattern, and form guide the viewerâ€™s eye and shape the visual experience.


Thank you to everyone who participated live and shared their perspective on how each image resonated (or didnâ€™t), and where their attention naturally gravitated. This wasnâ€™t about finding a â€œrightâ€ answer, but about understanding how we all experience an image differentlyâ€”and how that diversity of perception can sharpen our creative instincts.


Whether you attended or plan to watch the replay, I encourage you to pay attention not just to what you see, but how you see. That awareness is a powerful tool for building confidence and expressing your vision with greater clarity. And thatâ€™s the real value of studying so many different approachesâ€”each one expands your capacity to see.


Please share any questions or feedback below!
",Composition,,,,[],
46117,LS 25: Creative Feedbackâ€”Live,"




Summary


In this session, we reviewed a diverse set of member-submitted images and explored how compositional choices shape visual impact and emotional clarity. 


As always, the goal wasnâ€™t to arrive at a â€œperfectâ€ imageâ€”but to better understand why certain decisions work (or donâ€™t), and how intention can guide your creative process more confidently. Thank you to everyone who submitted work and engaged with the discussionâ€”your openness makes these sessions so valuable for all of us. ðŸ˜Š


Whether you joined live or are watching the replay, I encourage you to reflect on how the feedback applies to your own work. Even a single idea or shift in awareness can deepen your growth as a visual artist.
",Creative Feedback,,,,[],
46119,LS 26: Creative Editingâ€”Dynamics,"




Summary


In this session, I shared two recent images I made while visiting Acadiaâ€”both captured on my iPhone 15Pro. While my gear was limited, the creative opportunities werenâ€™t. We talked about how working within constraints can actually sharpen your vision, and how thoughtful editing can elevate an image when you focus on whatÂ really matters.


We explored how to evoke a film-like look and also how to remain flexible in terms of compositional decisions. From there, we moved into a broader conversation about how editing shapes the emotional feel of a photo through tone, movement, and balance.


Itâ€™s not about fixing whatâ€™s wrongâ€”itâ€™s about amplifying whatâ€™s meaningful. Even small decisions in Lightroom can completely change the way an image flows and feels.


Editing Highlights from the Session:



Using the Tone Curve to create a soft, film-inspired look


Local adjustments to control where the eye moves (and where it doesnâ€™t)


Letting â€œtension and releaseâ€ guide contrast and light placement


Trusting simplicityâ€”knowing whenÂ notÂ to add more



Reflection Prompt:


Is there an image youâ€™ve overlooked because it felt too â€œordinaryâ€ at first? What happens if you revisit it with the goal of drawing out its hidden potentialâ€”not with fancy tools, but with clear intention?


Please leave your feedback and questions below! 
",Lightroom,,,,[],
46121,Print Lab #05,"




Summary


In this session, we explored how to export your images for printing with a commercial print lab. I can't speak for others, but I can highly recommend http://whcc.com who I've used many times and will also provide you with test prints for approval before committing to a larger print(s).


We also talked about how to setup your printer and images to print custom notecards. I love and use Moab Artist Cards - https://www.moabpaper.com/artist-cards. Members also mention having good results with Red River Paper.


Key Takeaways:



Only use a third-party lab that others recommend or that provides test prints for approval.


When preparing files for external printing, export in the Adobe98 color space.


Check the native resolution of your file at the size you want to print to be sure it's large enough, and if not, use the Super Resolution feature (now found in the Detail panel) to upsize the file.



Thanks again to everyone who showed up, asked great questions, and shared their experiences. These sessions are as much about process as they are about results.
",Print Lab,,,,[],
46123,LS 27: Creative Feedbackâ€”Live,"




Summary


In this session, we worked through a wide range of images submitted by members, each with its own creative intent and challenges. As always, the goal is to better understand whatâ€™s working, what might be getting in the way, and how to grow from that processâ€”both as the image maker and as a viewer.


Thanks to everyone who showed up and contributed. These conversations help sharpen our creative instincts, not by seeking consensus, but by staying curious about how images land differently with each of us.


Reminder: Youâ€™re always welcome to disagree with my feedback. In fact, thatâ€™s part of the learning process :)
",Creative Feedback,,,,[],
46177,LS 28: Working on Projects and Portfolios,"




Summary


In this session, we explore how working on personal projects and building intentional portfolios can deepen your photography, sharpen your vision, and bring more meaning to your creative journey.


Topics include: â€¢ Why constraints help, not hinder, creative growthâ€¢ The different types of projects you can start (place-based, theme-based, gear-based, etc.)â€¢ What makes a strong portfolioâ€”and how it evolves over timeâ€¢ Real examples of my own projects and portfoliosâ€¢ How to get started with a project or portfolio today, even if youâ€™re feeling stuck or overwhelmed


Whether youâ€™re trying to develop your voice, focus your efforts, or simply enjoy photography more, this session will give you tools and inspiration to move forward with clarity and intention.


Download the Session Summary PDF 


ðŸ’¬ Want to share your thoughts or ask a follow-up question?Join the discussion here: LS #28: Projects and Portfolios â€” Forum Thread



",Creativity,,,,[],
46179,LS 29: Lightroom Classic Book Module,"




Working with the Lightroom Book Module


Summary


In this session, I talked about how to use Lightroom Classicâ€™s Book Module to create your own photo books. I shared why I think books are such a meaningful way to bring closure to a project or portfolio, and how the process of laying out a book can deepen your understanding of your own work. Whether you were there live or watching the replay, I think youâ€™ll find some ideas here to reflect on and apply to your own photography.


Key Takeaways



Creating a photo book gives your work a tangible, lasting formâ€”something you can hold, share, and leave behind.


Lightroomâ€™s Book Module makes book-making approachable without needing graphic design skills or extra software.


The process of sequencing images helps clarify your intent and strengthens your visual storytelling.


Captions and thoughtful layouts add context and personality to your images.


Even a short book with 20â€“30 strong images can be incredibly impactful and motivating.


Using collections and custom sort orders helps streamline the book-building process.


You can experiment with page backgrounds, typefaces, and layouts to make it truly yours.



Action Steps



Create a project collection in Lightroom with 15â€“30 images (or more) that feel connected.


Add basic captions or titles to your images using the metadata panelâ€”this will save time later in the Book Module.


Open the Book Module and explore layout optionsâ€”begin with a simple auto-layout, then refine it to suit your vision.



Questions, comments or feedback? Please share them below!
",Lightroom,,,,[],
46181,LS 30: Creative Feedbackâ€”Live,"




Summary


In this session, I offered detailed feedback on a wide range of member imagesâ€”from misty forest scenes to snowy landscapes and intimate abstracts. I focused on how small tonal and compositional adjustments can bring more intention and unity to an image. We explored techniques like using intersected masks for precise local edits, balancing texture and clarity for natural detail, and refining crops to support storytelling.


I also shared thoughts on trusting your intuition as you develop your creative eye, and how progress often comes from consistent, incremental learningâ€”what I call the â€œcompound interestâ€ of growth. As always, the conversation included lots of member questions, shared insights, and thoughtful dialogue around personal vision versus technical execution.


Whether you submitted an image or not, I think youâ€™ll find useful takeaways throughout this session!
",Creative Feedback,,,,[],
46217,Open Studio Q+A / July 2025,"



Summary


In this session, I opened the floor to your questionsâ€”everything from printing techniques to Lightroomâ€™s newest tools. Whether youâ€™re curious about gear, editing workflows, or how to make the most of limited photo opportunities while traveling, I think youâ€™ll find some valuable ideas and clarifications here.


Key Takeawaysâ€¢ Print coatings: I shared why I stopped using protective sprays and when they do make senseâ€”especially for frameless display situations.â€¢ SSD reliability: My approach to rotating SSDs and why even older drives can be useful with the right backups.â€¢ File formats: Clarified what DNGs offer that PSDs or JPEGs donâ€™t, especially for raw editing and critique.â€¢ Lightroom updates: Demoed how adaptive presets work and how new denoise/super resolution tools are now non-destructive and simpler.â€¢ Travel photography tips: We talked about tools like Google Earth, PhotoPills, and guidebooks to prep for short windows of shooting time on the road.â€¢ Editing warm skies: A deep dive into how to balance color temperature adjustments without killing the mood or losing naturalism.



â€œUse your field experience as your north star when editingâ€”itâ€™s your best guide to making decisions that feel honest and personal.â€

",Open Studio-Q+A,,,,[],
46231,LS 31: Lightroom Updates & Workflow,"




Summary


In this session, I walked through some of the most important new features in versions 14.4 and 14.5. I also demonstrated real-world edits on a few recent images to show how these updates can improve speed, control, and creative possibilitiesâ€”especially around noise reduction, AI-powered tools, and sharpening. Whether youâ€™re just catching the replay or revisiting the techniques, I hope youâ€™ll find a few tools here to help refine your own process.


Key Takeaways



Generative Remove is better than ever Lightroomâ€™s AI removal tool is faster and more accurate nowâ€”especially for removing distracting elements or people. You can cycle through variations or regenerate if youâ€™re not happy with the first result.


Custom copy/paste subsets save time You can now create and save subsets of develop settings (like crop only, or basic tone only) for syncing or pasting across multiple images. Great for batch work and consistency.


GPU-accelerated previews improve performance Lightroom now uses your graphics card to speed up image previews when scrolling or zoomingâ€”especially helpful when reviewing large folders.


Denoise, Super Resolution, and Raw Details are now non-destructive These features are integrated into the Detail panel with simple checkboxesâ€”no more duplicated files. You can turn them on or off at any time and fine-tune the amount.


New metadata filters for AI tools You can now filter or create Smart Collections for images that used tools like Denoise, Generative Remove, or AI masking. Itâ€™s a great way to track your edits and revisit images for printing.


Updated XMP writing behavior If you use sidecar files, Lightroom now delays writing them during intensive tasks to avoid slowing down your editing flow.



Sharpening sliders explained (finally!) I broke down the often-confusing sharpening toolsâ€”especially radius and detailâ€”and showed how to visualize and apply them for better prints. (Tip: Use the Option key!)


Questions or feedback? Please share below OR on the Academy Community!
",Lightroom,Lightroom|sharpening|workflow,,,"['Lightroom', 'sharpening', 'workflow']",
46263,LS 32: Creative Feedbackâ€”Live,"
Date: Aug 27thTime: 7:30PM EST



Join Session




",Creative Feedback,,,,[],
46267,Print Lab #06,"



Summary


In this Print Lab, I focused on one of my favorite subjectsâ€”fine art papers, especially matte papers. We explored how surface, tone, and texture play a role in the way a print feels and communicates your intent. I compared different Canson papers, from smooth surfaces like Rag Photographique to highly textured options like Aquarelle, and showed how each choice influences contrast, detail, and mood. Along the way, I also took time to answer member questions on everything from paper sizes to poster printing.


Key Takeaways



Matte vs. non-matte papers: Matte gives a softer, quieter, more painterly feel, while non-matte papers offer higher Dmax, deeper blacks, and a more photographic look.


Texture matters: Use textured papers when your image is full of detail and surface variation. Stick to smooth papers when you want to preserve soft gradations like skies or water.


Warm vs. cool papers: Differences are subtleâ€”â€œwarmâ€ papers look slightly less bright, while â€œcoolâ€ papers feel more neutral/white. Often only noticeable side by side.


Choosing papers intentionally: The best paper depends on your image and the story you want to tell. Become an â€œexpert in your images,â€ and the right material choice becomes much clearer.



Q+A Highlights



Joanne asked about paper sizes and calibration:

Use built-in defaults (letter, tabloid, A3+, etc.); custom sizes only when truly needed.


For monitor calibration, choose the native profile of your display (sRGB for standard, AdobeRGB for wide-gamut).




Carl brought up Canonâ€™s Print & Layout plugin: in some cases it corrected overly saturated skies compared to Lightroom, likely due to color management differences.


Steve asked about MacOS updates and printer drivers: updating your OS is fine, but check whether your printer drivers support the latest version before upgrading.


Mildred asked how to tell which side of the paper to print on: lightly dampen your fingers and pinchâ€”the sticky side is the coated, printable side.


Tamra asked about offering posters: for affordable fine art posters, I suggested lighter-weight papers like Canson Rag Photographique (210 gsm). They provide a fine art look without the cost of heavier papers. For larger runs, a local master printer or pro lab like WHCC is a great option.



Download the Canson Matte Paper Matrix



Questions or feedback? Leave them below or share them in the Academy Community! 
",Print Lab,,,,[],
